{
  "project_info": {
    "project_number": "168925911378",
    "firebase_url": "https://divyahimgiritv.firebaseio.com",
    "project_id": "divyahimgiritv",
    "storage_bucket": "divyahimgiritv.appspot.com"
  },
  "client": [
    {
      "client_info": {
        "mobilesdk_app_id": "1:168925911378:android:738060630ed113e9",
        "android_client_info": {
          "package_name": "com.example.sandeep.divyahimgiritv"
        }
      },
      "oauth_client": [
        {
          "client_id": "168925911378-apn432r70medigs3kjc6tscs9k45fk3n.apps.googleusercontent.com",
          "client_type": 1,
          "android_info": {
            "package_name": "com.example.sandeep.divyahimgiritv",
            "certificate_hash": "368233723fee0b1807e09db9d779933fe37a337c"
          }
        },
        {
          "client_id": "168925911378-o6d1dhc3h1nd0lo53hf7s86p956tghr3.apps.googleusercontent.com",
          "client_type": 3
        }
      ],
      "api_key": [
        {
          "current_key": "AIzaSyAKU_smkWPZdTUZKYosHFS5ge6rNLcEGD4"
        }
      ],
      "services": {
        "analytics_service": {
          "status": 1
        },
        "appinvite_service": {
          "status": 2,
          "other_platform_oauth_client": [
            {
              "client_id": "168925911378-o6d1dhc3h1nd0lo53hf7s86p956tghr3.apps.googleusercontent.com",
              "client_type": 3
            }
          ]
        },
        "ads_service": {
          "status": 2
        }
      }
    }
  ],
  "configuration_version": "1"
}